SaleID,price
0,850.43036
1,6335.8013
2,9379.828
3,9033.421
4,5715.3994
5,15957.483
6,1349.3066
7,9269.194
8,1502.7507
9,2727.623
10,9132.178
11,658.9686
12,10482.79
13,1699.9609
14,1875.6201
15,937.19196
16,3980.1716
17,499.07086
18,673.02454
19,1234.9421
20,12221.265
21,3775.7458
22,987.69434
23,2692.708
24,7013.8286
25,5865.8965
26,897.8876
27,8621.135
28,706.14954
29,1113.6794
30,1488.7883
31,436.83597
32,2457.2668
33,4088.8757
34,3267.1675
35,4075.1926
36,6261.3843
37,3330.6255
38,1746.24
39,2659.101
40,7345.7886
41,5122.9766
42,7727.1465
43,1470.8105
44,41.66153
45,1674.4319
46,22364.055
47,49.968067
48,15963.344
49,0.50945175
50,2130.1362
51,7550.745
52,454.69437
53,5547.7046
54,1601.2546
55,551.93445
56,2227.3608
57,423.88068
58,13121.697
59,19052.412
60,1865.9878
61,5899.9575
62,957.69495
63,1700.6587
64,5506.525
65,1401.0735
66,14873.956
67,41768.56
68,2573.0916
69,50.256367
70,1659.0916
71,23173.68
72,670.96625
73,254.37029
74,8309.652
75,1302.0991
76,1475.6195
77,42.26966
78,747.6616
79,1141.5153
80,699.9769
81,11117.104
82,44.898796
83,5616.587
84,7074.202
85,13989.956
86,14325.923
87,4675.7173
88,17.017862
89,3928.0374
90,10188.029
91,16132.328
92,2835.5562
93,10451.5625
94,3596.3784
95,18406.242
96,2713.6824
97,2795.0251
98,48.9775
99,4632.548
100,2400.7437
101,4413.2046
102,785.6262
103,685.1547
104,36064.758
105,4799.497
106,3339.3904
107,3209.52
108,2984.8745
109,507.85953
110,1590.7375
111,2014.7489
112,1738.0875
113,3458.5188
114,1622.3794
115,4339.5
116,923.0272
117,5979.027
118,1054.1127
119,4861.664
120,260.71634
121,1360.1282
122,2954.8933
123,7716.0107
124,11962.186
125,2735.5715
126,3119.7773
127,6503.097
128,24440.371
129,1844.4901
130,17947.082
131,1359.6091
132,1501.7578
133,179.18964
134,325.10132
135,5864.4307
136,1041.0995
137,2358.3308
138,6480.3604
139,7957.293
140,2659.7517
141,851.498
142,884.6135
143,3010.8022
144,1240.9634
145,2211.7324
146,1575.5839
147,13301.719
148,13913.22
149,1108.1462
150,5075.151
151,1161.1165
152,17393.086
153,1540.9221
154,49.871613
155,2351.9863
156,3670.1965
157,851.5362
158,3793.642
159,5152.336
160,48.90018
161,13085.342
162,14734.472
163,1558.7638
164,802.2488
165,1383.8947
166,8514.137
167,23380.805
168,2120.581
169,684.587
170,48.343807
171,1043.7065
172,1049.4551
173,4392.537
174,48.807137
175,2660.305
176,1778.0347
177,10638.892
178,6587.4395
179,580.0441
180,1260.0006
181,450.35626
182,9645.761
183,4262.5063
184,35.962666
185,6720.653
186,5320.9375
187,1150.358
188,14444.199
189,2801.4683
190,47.673683
191,14.915568
192,6523.773
193,1132.2858
194,574.77704
195,13.11112
196,624.455
197,3631.567
198,460.05957
199,1293.408
200,2899.7703
201,1407.0505
202,507.6708
203,38.60139
204,516.0178
205,1733.918
206,7047.506
207,3848.3445
208,36.262676
209,3630.6282
210,15745.74
211,1010.1039
212,5593.533
213,1109.4026
214,2857.8228
215,510.26593
216,2307.7192
217,3923.1206
218,2999.484
219,805.1173
220,3581.5164
221,3956.3767
222,9813.742
223,1462.2161
224,416.2405
225,14860.613
226,2449.3591
227,647.5865
228,2589.6077
229,1344.3181
230,23627.695
231,5262.8794
232,1104.736
233,50.15129
234,5271.204
235,630.7297
236,11004.878
237,4227.4683
238,15927.955
239,1831.1931
240,21884.59
241,9658.814
242,1475.5413
243,13639.202
244,3563.536
245,2115.0244
246,1450.1011
247,14155.215
248,4539.115
249,438.5777
250,811.74976
251,1969.7308
252,3400.9949
253,42.636448
254,7489.5405
255,3507.53
256,2777.2734
257,6526.885
258,1336.109
259,6189.1157
260,282.3151
261,6429.37
262,6626.0176
263,4919.256
264,7147.928
265,48.730614
266,3783.4473
267,7857.716
268,4469.857
269,5614.273
270,601.6877
271,8282.4795
272,17076.64
273,10293.318
274,1800.8079
275,361.03912
276,4087.7876
277,564.0359
278,1921.5232
279,11219.273
280,4967.095
281,2575.4946
282,3704.2869
283,6071.6
284,172.18845
285,2539.937
286,2743.9526
287,50.30964
288,24209.912
289,1473.3582
290,6398.3535
291,4081.1562
292,8232.452
293,6616.2163
294,136.93001
295,1244.397
296,50.2544
297,46.863235
298,5004.9004
299,351.49838
300,24942.455
301,1148.1664
302,19949.598
303,37.904156
304,29604.836
305,8472.167
306,6540.782
307,50.67115
308,256.60132
309,10143.681
310,7276.8
311,932.99927
312,18.89575
313,18949.879
314,482.9576
315,2906.4587
316,45.16312
317,16754.541
318,1947.2179
319,4114.476
320,1173.7891
321,37.40143
322,1579.1716
323,6346.785
324,17339.008
325,0.3018481
326,4342.7007
327,8231.738
328,1931.6134
329,3201.3372
330,3389.9526
331,3915.3108
332,398.47662
333,1632.4069
334,50.39185
335,45.696007
336,3495.485
337,1990.3348
338,2008.8223
339,1324.3213
340,3159.0222
341,14400.636
342,1267.8138
343,5633.767
344,2038.0168
345,5145.622
346,1185.3206
347,17810.67
348,1499.415
349,3534.8926
350,2947.8232
351,3743.6042
352,19867.307
353,1127.0734
354,988.70844
355,1905.5289
356,1751.2468
357,2923.4219
358,4409.3794
359,45.800095
360,2331.0627
361,113.63406
362,4149.7773
363,1616.5996
364,33410.758
365,10386.3545
366,48.880188
367,737.87006
368,6912.342
369,48.316216
370,1647.7379
371,2082.4111
372,31698.604
373,1429.2363
374,3432.5625
375,3088.7832
376,740.67316
377,3160.4993
378,1824.655
379,49.68174
380,3240.566
381,3426.8271
382,1465.2291
383,14.40843
384,1150.6859
385,4006.6467
386,35.304245
387,5315.961
388,46.862617
389,8847.026
390,285.90005
391,8931.147
392,15706.594
393,5.457475
394,24053.092
395,105.873726
396,4269.5137
397,5830.175
398,7493.6636
399,683.3938
400,47.840637
401,25449.223
402,7601.7837
403,4156.5874
404,8934.053
405,1775.7017
406,4957.4014
407,4257.8413
408,1064.655
409,12984.506
410,3079.8267
411,352.64
412,2236.1794
413,2288.1692
414,1061.2073
415,2349.2693
416,9877.899
417,946.11926
418,2460.8447
419,680.9418
420,3019.0542
421,15222.741
422,4619.3193
423,9207.954
424,760.88354
425,1368.874
426,9773.353
427,643.7389
428,1760.4375
429,1142.943
430,6070.384
431,3658.4062
432,541.7351
433,3683.9678
434,5133.7236
435,6140.4346
436,17534.926
437,9855.445
438,16773.791
439,286.6399
440,1762.5125
441,12.916892
442,47.449837
443,19351.832
444,2508.1782
445,3122.5256
446,27628.54
447,1007.30225
448,1285.383
449,4407.7563
450,9973.666
451,11204.624
452,2547.877
453,2059.612
454,5553.857
455,6173.003
456,1475.1415
457,43.05401
458,8149.205
459,13491.376
460,39.53192
461,1668.9221
462,720.85846
463,4615.655
464,4930.921
465,1047.0715
466,592.98395
467,46.635025
468,1923.4941
469,16882.414
470,43.788
471,3801.01
472,50.23011
473,6881.496
474,47422.914
475,36.930824
476,61.686638
477,9486.714
478,18984.61
479,2306.447
480,1773.5883
481,11584.434
482,4081.4639
483,8939.585
484,4595.648
485,7165.8813
486,14745.859
487,1382.3219
488,2503.1904
489,2399.174
490,13183.904
491,617.0881
492,2216.7097
493,736.588
494,1637.0039
495,17621.533
496,880.731
497,1755.6548
498,7131.5977
499,965.52515
500,21021.934
501,3877.3662
502,881.19824
503,1412.9564
504,365.1265
505,6909.514
506,2691.9106
507,22249.662
508,9180.892
509,1614.58
510,9178.773
511,812.4127
512,14973.589
513,0.20100349
514,14306.548
515,2091.084
516,1299.5347
517,2319.553
518,858.9966
519,1421.0928
520,2201.6624
521,2523.0767
522,961.80566
523,867.9473
524,2884.9639
525,7479.746
526,11719.301
527,3947.0056
528,12368.805
529,767.8776
530,17427.79
531,468.50595
532,5705.258
533,6999.847
534,1981.7921
535,4448.356
536,2063.8374
537,3097.24
538,12683.927
539,8607.644
540,2364.531
541,1267.1981
542,1476.9276
543,54.15414
544,5913.8965
545,1383.1421
546,9017.874
547,51.203033
548,43.034363
549,1837.8783
550,4839.183
551,4644.26
552,400.68796
553,129.36217
554,1562.402
555,4983.82
556,4723.333
557,6299.2188
558,1677.6217
559,39.2541
560,648.70636
561,14715.99
562,754.09204
563,12010.131
564,9301.67
565,2232.431
566,18982.871
567,735.4757
568,2705.8274
569,1175.1051
570,2260.817
571,1139.3219
572,0.93939656
573,2290.712
574,1987.8003
575,813.1166
576,1984.3864
577,311.6916
578,2087.7559
579,8777.283
580,1765.011
581,8748.365
582,2062.682
583,11560.869
584,3160.1494
585,1391.2887
586,20634.885
587,18125.877
588,1452.0773
589,4167.37
590,1989.7548
591,1654.3219
592,1183.5355
593,6898.504
594,2421.1177
595,701.4911
596,9872.361
597,16515.928
598,3861.0781
599,573.1326
600,17090.133
601,9531.063
602,6710.673
603,1513.5477
604,689.34033
605,1776.5779
606,7797.1685
607,7358.6284
608,4987.634
609,967.86646
610,51.23397
611,12686.153
612,844.1756
613,1872.5122
614,20358.361
615,3742.5796
616,41.51816
617,5756.158
618,5364.9854
619,2321.3796
620,699.4233
621,1268.5134
622,2381.6226
623,1449.5955
624,40.71802
625,3334.364
626,1355.3855
627,2911.4805
628,6524.7437
629,10257.254
630,6830.177
631,2274.1064
632,18535.756
633,47.81093
634,749.0523
635,4051.6956
636,2264.784
637,19838.924
638,1640.7715
639,2899.224
640,793.8376
641,6800.4434
642,46.62445
643,810.627
644,12300.244
645,9266.949
646,8014.236
647,8626.448
648,8405.499
649,433.3009
650,5048.3545
651,42.060276
652,1456.3594
653,1142.414
654,19432.246
655,2527.5674
656,37.500126
657,3428.2625
658,43.234066
659,8760.807
660,3876.1682
661,18.249283
662,9955.418
663,207.36186
664,1498.0778
665,4380.1978
666,4288.7637
667,47.05579
668,660.15894
669,20313.695
670,193.14212
671,1308.6516
672,12137.721
673,1610.5013
674,5693.374
675,50.560246
676,4315.1665
677,14835.774
678,20170.297
679,1491.4198
680,3420.5889
681,1530.0356
682,2065.6184
683,236.28165
684,4387.0596
685,458.84518
686,1395.0388
687,2266.9556
688,850.0756
689,1293.3882
690,0.3756067
691,7118.6177
692,5451.567
693,5637.39
694,15274.632
695,212.65167
696,10585.309
697,11100.193
698,7968.1387
699,377.46436
700,623.61456
701,1206.2839
702,3710.2458
703,3087.4634
704,7525.9395
705,8274.6
706,1040.9296
707,2930.646
708,2828.931
709,1989.6484
710,3849.3506
711,778.0928
712,952.5413
713,710.97974
714,905.49335
715,2707.8325
716,4045.331
717,750.11316
718,8475.133
719,10452.619
720,1557.8976
721,1426.9514
722,1948.2493
723,2424.039
724,7041.8213
725,11063.939
726,5291.8994
727,1354.5586
728,3540.5352
729,2913.046
730,1942.2198
731,15.93663
732,2991.1772
733,3108.1887
734,533.358
735,927.1389
736,6947.698
737,2761.1343
738,6750.5913
739,957.39374
740,1178.3792
741,435.4752
742,182.50766
743,3337.352
744,947.2915
745,2732.418
746,284.7983
747,2515.3098
748,1079.1484
749,21798.559
750,977.5083
751,9434.289
752,5457.4355
753,4601.271
754,45.52537
755,5467.57
756,14940.708
757,6906.424
758,571.0809
759,45.21363
760,2769.578
761,7192.4087
762,3041.809
763,1569.2532
764,2213.4097
765,3952.5742
766,2755.349
767,6854.0557
768,3245.8625
769,2254.2603
770,2147.0742
771,4305.1387
772,7018.8145
773,2249.335
774,5218.2954
775,6104.991
776,12332.406
777,23730.086
778,760.51306
779,16510.037
780,22948.336
781,4754.7817
782,20.894281
783,2307.903
784,2390.3093
785,11202.337
786,1408.4161
787,1877.8774
788,8356.418
789,1905.3916
790,6449.4116
791,3831.9443
792,5927.083
793,931.83356
794,0.31534234
795,42.782436
796,6602.5674
797,6586.578
798,1430.8925
799,1717.834
800,2485.8398
801,7324.0938
802,3407.4607
803,8622.565
804,5335.478
805,3528.3096
806,846.0965
807,49.549625
808,3748.2676
809,12519.057
810,5124.6235
811,209.09222
812,522.4794
813,6807.946
814,3103.99
815,1409.2705
816,12830.246
817,7114.497
818,902.16077
819,3893.5112
820,310.90918
821,2525.8354
822,5630.5063
823,8446.582
824,1202.448
825,687.372
826,4267.266
827,3745.576
828,14656.042
829,1282.1545
830,48.977978
831,9823.2
832,178.71828
833,836.62286
834,757.9147
835,5532.438
836,4002.8303
837,13986.661
838,1001.0569
839,1013.91266
840,8585.457
841,1374.0284
842,244.91238
843,46.251503
844,10733.125
845,696.35205
846,1696.0398
847,49.32095
848,6105.2188
849,2151.1692
850,4287.823
851,16989.05
852,2025.8184
853,2582.8965
854,1368.0891
855,1812.1085
856,667.9968
857,3848.227
858,4.9221563
859,2469.4634
860,2296.5066
861,49.999027
862,1693.8014
863,6732.5864
864,38724.324
865,18163.186
866,12695.558
867,10023.216
868,2573.2153
869,2234.3486
870,6406.1396
871,13252.915
872,679.89746
873,2444.7983
874,4138.491
875,3154.7668
876,7879.037
877,4058.6895
878,14593.08
879,801.2283
880,1173.8955
881,9032.06
882,1032.8942
883,1175.1129
884,5580.7856
885,11162.705
886,2926.4119
887,17397.117
888,7613.35
889,3694.6914
890,6007.0596
891,10074.761
892,484.64792
893,7602.299
894,1865.4857
895,405.21582
896,44.552902
897,1119.7681
898,15916.535
899,9801.535
900,2234.8306
901,8433.871
902,12994.082
903,3771.4478
904,1435.1724
905,18.10349
906,0.6040058
907,6022.4814
908,13886.838
909,4975.64
910,1236.4843
911,458.36545
912,4102.2173
913,6499.0293
914,16675.566
915,13755.285
916,899.0585
917,664.0088
918,685.79724
919,52.417526
920,11394.771
921,16976.545
922,2490.116
923,11092.023
924,3903.1167
925,14640.423
926,1073.8456
927,1479.3927
928,15071.145
929,1885.4452
930,6471.281
931,2329.5989
932,1348.6282
933,48.492264
934,18467.291
935,3332.6597
936,6624.5767
937,49.408234
938,1788.9569
939,4269.473
940,11808.565
941,2671.9878
942,12529.091
943,0.7922525
944,806.60815
945,46.21389
946,5537.744
947,1179.6333
948,14648.803
949,5445.9434
950,5800.4385
951,18841.732
952,1697.766
953,1544.8208
954,5075.984
955,4644.0425
956,1357.1096
957,1708.7172
958,1595.6589
959,4769.9727
960,2589.7212
961,926.5177
962,46.77466
963,52.126953
964,2865.3328
965,2825.7993
966,14634.699
967,2020.1136
968,11347.119
969,7963.504
970,279.3115
971,8745.245
972,3095.0898
973,50.532642
974,494.23474
975,5735.672
976,3939.2344
977,5119.464
978,819.1779
979,163.9488
980,14768.378
981,210.95456
982,47.458
983,1113.5029
984,3090.3867
985,48.937695
986,0.57080936
987,3314.151
988,913.76953
989,7957.02
990,6109.675
991,3354.3293
992,31825.586
993,4686.2417
994,2111.0154
995,2298.6362
996,970.8745
997,3554.7559
998,781.6894
999,1093.197
1000,458.7132
1001,8077.5083
1002,6785.8516
1003,5843.832
1004,1780.7522
1005,8652.801
1006,617.9927
1007,7987.131
1008,868.06995
1009,9102.29
1010,13037.68
1011,7866.1665
1012,3585.5947
1013,1943.6028
1014,10184.046
1015,41.786648
1016,2825.3962
1017,2124.5232
1018,2354.6875
1019,644.22107
1020,2903.0974
1021,5591.005
1022,1342.2239
1023,5865.645
1024,1864.5818
1025,562.5189
1026,6897.5957
1027,10782.457
1028,4710.959
1029,17263.254
1030,779.1609
1031,1666.6677
1032,2379.4104
1033,12075.404
1034,1912.927
1035,27023.219
1036,369.16083
1037,7025.298
1038,7591.1763
1039,5996.8696
1040,5148.7886
1041,2244.549
1042,3836.531
1043,15883.28
1044,5288.0645
1045,780.385
1046,1799.7179
1047,6175.7236
1048,47.47707
1049,48.32553
1050,1663.5907
1051,11992.801
1052,1049.0865
1053,5948.497
1054,8118.6846
1055,15.109443
1056,11848.141
1057,13719.6875
1058,50.930283
1059,2046.7588
1060,1451.2329
1061,15989.125
1062,21507.428
1063,874.1122
1064,683.9204
1065,11405.199
1066,3465.5435
1067,6883.8594
1068,22746.215
1069,560.9534
1070,958.6797
1071,34512.844
1072,1691.1108
1073,1172.7184
1074,12811.978
1075,1544.7441
1076,15.556502
1077,2421.515
1078,13879.449
1079,2587.1013
1080,1008.72644
1081,4193.9497
1082,14028.892
1083,1304.227
1084,46.026974
1085,730.6942
1086,3166.0156
1087,13880.244
1088,539.81744
1089,7772.569
1090,7804.1104
1091,1859.3884
1092,6549.785
1093,5781.657
1094,4432.992
1095,53.748055
1096,11050.104
1097,1180.8184
1098,5469.6094
1099,1075.435
1100,979.01794
1101,393.84122
1102,0.5842531
1103,51.265984
1104,14383.45
1105,163.416
1106,2773.2148
1107,2914.2314
1108,0.23595797
1109,13471.421
1110,695.9461
1111,2325.4263
1112,8484.79
1113,4618.5215
1114,454.5877
1115,724.04596
1116,2470.7546
1117,19.01955
1118,1106.7662
1119,48.552715
1120,5607.9683
1121,8096.0894
1122,2846.1694
1123,16.01467
1124,6698.7656
1125,398.63702
1126,180.25276
1127,1296.0498
1128,1755.4823
1129,4629.5264
1130,3699.1594
1131,13186.558
1132,7727.4043
1133,702.78424
1134,2493.2183
1135,5793.62
1136,630.1224
1137,1746.2266
1138,1844.0784
1139,509.66217
1140,29967.936
1141,3540.5015
1142,2384.1655
1143,223.30042
1144,1714.422
1145,1397.1106
1146,2152.171
1147,0.91578764
1148,604.7529
1149,781.4461
1150,1141.5621
1151,7831.2295
1152,7746.968
1153,2567.5127
1154,2516.3948
1155,3790.2131
1156,45.97133
1157,42.03969
1158,2115.5298
1159,2556.9417
1160,8925.484
1161,263.81537
1162,3891.2612
1163,2448.0906
1164,1318.0255
1165,538.4763
1166,999.2614
1167,1464.7131
1168,2364.3281
1169,5923.025
1170,894.8089
1171,8581.806
1172,2953.2136
1173,1354.6743
1174,855.2146
1175,531.4087
1176,5508.0273
1177,4312.183
1178,4998.7075
1179,36.11602
1180,3831.418
1181,800.9223
1182,674.5694
1183,3631.8022
1184,17534.156
1185,2778.7695
1186,3118.0874
1187,4826.0503
1188,49.51159
1189,6431.6885
1190,2619.9075
1191,1083.4014
1192,3158.1484
1193,3640.9602
1194,504.72336
1195,5773.0166
1196,14286.531
1197,1635.2678
1198,2769.0957
1199,48.170647
1200,2182.646
1201,1106.2598
1202,10976.848
1203,2689.9043
1204,2120.2625
1205,51.38666
1206,4743.443
1207,9588.131
1208,50.89206
1209,2066.3752
1210,2094.018
1211,11276.604
1212,1328.9998
1213,1561.5054
1214,5540.6133
1215,810.3666
1216,4063.807
1217,472.73737
1218,24340.578
1219,1688.6113
1220,2977.3154
1221,16773.727
1222,14567.883
1223,38.209854
1224,5419.0913
1225,49.94604
1226,3008.204
1227,5469.6772
1228,1146.2544
1229,528.68054
1230,8029.4004
1231,21509.56
1232,15.545674
1233,11734.623
1234,15064.533
1235,1058.2585
1236,14916.888
1237,2650.4985
1238,3552.3218
1239,999.3878
1240,793.1738
1241,1272.7756
1242,2015.6747
1243,2149.3782
1244,1766.8157
1245,6391.705
1246,2921.4092
1247,185.8132
1248,1268.927
1249,18115.42
1250,49.240715
1251,7858.593
1252,4525.0913
1253,48.380375
1254,1314.1825
1255,5079.195
1256,6664.32
1257,50.388885
1258,1455.9542
1259,4080.2454
1260,5469.625
1261,256.40005
1262,1249.3615
1263,4021.3115
1264,5385.7046
1265,8921.757
1266,805.6879
1267,14041.152
1268,4417.842
1269,3410.856
1270,6722.839
1271,5548.885
1272,5183.7866
1273,15055.959
1274,314.5839
1275,3544.9219
1276,7137.8926
1277,3622.1768
1278,5010.0874
1279,4704.2905
1280,13529.233
1281,1626.9436
1282,13130.974
1283,4196.451
1284,18016.107
1285,3375.6377
1286,46.563484
1287,10833.111
1288,891.49133
1289,12040.902
1290,986.72546
1291,9493.901
1292,1840.9937
1293,11341.839
1294,9189.793
1295,15766.703
1296,49.14633
1297,793.1178
1298,4803.344
1299,2953.2024
1300,45.810787
1301,51.884274
1302,1513.3816
1303,290.98627
1304,432.62943
1305,461.66046
1306,49.83913
1307,876.62115
1308,0.6608578
1309,3473.8447
1310,3908.441
1311,6595.147
1312,7948.888
1313,4388.9097
1314,1624.6259
1315,573.84485
1316,1764.9285
1317,48.403244
1318,2658.1257
1319,18496.658
1320,2551.65
1321,1342.3591
1322,4583.0576
1323,32946.977
1324,8946.271
1325,3733.9531
1326,1276.3794
1327,53.00271
1328,16431.307
1329,5247.365
1330,722.26556
1331,1052.732
1332,39.662315
1333,46.633877
1334,9397.684
1335,30853.033
1336,2123.5107
1337,3476.0059
1338,750.5305
1339,777.378
1340,37798.043
1341,3827.7795
1342,44.27088
1343,49.3441
1344,2126.197
1345,896.3202
1346,496.29514
1347,2291.9546
1348,311.2068
1349,2339.3052
1350,5135.5947
1351,1874.7953
1352,1007.12244
1353,876.9627
1354,2203.5852
1355,10614.304
1356,1606.0223
1357,6204.377
1358,828.3194
1359,2048.5496
1360,38.850925
1361,5070.786
1362,45.505386
1363,1521.8352
1364,1200.0735
1365,0.6522967
1366,1883.319
1367,17366.117
1368,12800.594
1369,10479.311
1370,28692.182
1371,441.59924
1372,607.37354
1373,1280.7548
1374,3445.7644
1375,3952.5857
1376,3299.6897
1377,47.698433
1378,19195.367
1379,4330.725
1380,1065.887
1381,11744.432
1382,749.4973
1383,5863.486
1384,647.29956
1385,2202.7927
1386,726.91077
1387,657.46985
1388,5781.3926
1389,9763.039
1390,3807.8945
1391,2838.9287
1392,563.8613
1393,1581.1349
1394,355.1043
1395,1197.1487
1396,15.454211
1397,4567.5903
1398,3241.9604
1399,5969.3057
1400,9098.22
1401,8783.749
1402,7639.5806
1403,3402.6143
1404,493.31818
1405,862.17236
1406,3247.182
1407,47.382812
1408,3929.544
1409,626.241
1410,2540.487
1411,4598.454
1412,4169.9033
1413,6493.3228
1414,1827.7506
1415,48.634903
1416,5994.5938
1417,4056.1155
1418,3219.7935
1419,47.502213
1420,4744.728
1421,4885.624
1422,7119.867
1423,1885.4928
1424,15.851562
1425,5047.0254
1426,13.233209
1427,3413.2417
1428,4477.1714
1429,2292.7856
1430,4190.059
1431,1449.0594
1432,5017.122
1433,16421.045
1434,3691.2847
1435,775.10425
1436,626.218
1437,1658.7662
1438,6571.468
1439,704.9905
1440,569.218
1441,46.453407
1442,2922.457
1443,620.98395
1444,5.0586886
1445,1013.9335
1446,5488.4917
1447,2608.018
1448,4221.5283
1449,0.95462143
1450,23554.482
1451,4855.088
1452,4334.8623
1453,6017.784
1454,20798.3
1455,5163.632
1456,2305.81
1457,4322.673
1458,39.688362
1459,6977.317
1460,23379.734
1461,1652.8892
1462,2451.3625
1463,40894.465
1464,1402.8811
1465,852.764
1466,16989.05
1467,183.38602
1468,46.25966
1469,32158.703
1470,6294.312
1471,10301.156
1472,12410.85
1473,961.50226
1474,1247.7146
1475,5294.904
1476,22345.379
1477,1686.1301
1478,133.88136
1479,2217.8289
1480,11559.358
1481,43.87741
1482,2034.1936
1483,4807.497
1484,723.7235
1485,16415.281
1486,4983.159
1487,1189.3035
1488,1708.2852
1489,1506.2452
1490,23915.39
1491,1326.6433
1492,47.719196
1493,0.35300574
1494,1340.9551
1495,410.5719
1496,6844.4854
1497,39903.027
1498,812.9198
1499,621.1717
1500,19361.025
1501,769.40063
1502,7852.6733
1503,915.5055
1504,4529.859
1505,375.464
1506,3864.3208
1507,2985.3389
1508,17780.934
1509,21821.73
1510,5707.892
1511,911.3915
1512,11098.542
1513,12378.033
1514,5481.1777
1515,3477.976
1516,3866.1533
1517,259.46762
1518,13405.389
1519,1629.2998
1520,11164.994
1521,999.74567
1522,3508.4805
1523,7382.031
1524,286.00378
1525,1989.7965
1526,11830.142
1527,4566.2705
1528,2762.6113
1529,741.5221
1530,1990.4583
1531,32336.34
1532,2354.9065
1533,284.06332
1534,2115.1565
1535,675.9889
1536,12751.561
1537,265.8898
1538,11140.9
1539,7792.4473
1540,49.58309
1541,1492.6144
1542,4072.6084
1543,807.55725
1544,491.709
1545,1788.409
1546,48.470074
1547,6385.8364
1548,718.4537
1549,1998.102
1550,2795.569
1551,1726.3798
1552,12046.543
1553,6731.3022
1554,11559.358
1555,2323.766
1556,807.46704
1557,10787.909
1558,8557.252
1559,5954.429
1560,11915.591
1561,16119.01
1562,729.9047
1563,10458.303
1564,1150.5596
1565,9752.551
1566,16680.975
1567,912.137
1568,1994.0435
1569,48.21708
1570,166.40335
1571,11931.762
1572,10066.558
1573,1228.4043
1574,2348.3462
1575,14544.976
1576,1100.3243
1577,3668.6704
1578,12488.813
1579,434.40485
1580,2057.3455
1581,1325.7838
1582,47311.156
1583,1388.4487
1584,26246.533
1585,9816.663
1586,810.7973
1587,1151.2083
1588,1988.4243
1589,1113.2384
1590,3807.0012
1591,2000.791
1592,245.56934
1593,49.133625
1594,5656.587
1595,2266.3186
1596,10986.064
1597,7239.817
1598,23108.133
1599,5236.735
1600,29658.812
1601,7346.321
1602,50.366554
1603,3072.9592
1604,39.22571
1605,4351.857
1606,33073.79
1607,18349.592
1608,4234.802
1609,6101.4287
1610,17625.23
1611,2793.351
1612,414.56567
1613,10349.628
1614,4573.655
1615,14841.803
1616,8658.208
1617,4123.265
1618,688.2848
1619,48.27575
1620,17362.756
1621,1879.2325
1622,4952.76
1623,1662.1642
1624,2246.2725
1625,32562.098
1626,1348.5137
1627,2418.4731
1628,21669.113
1629,1591.284
1630,47.06499
1631,1309.0151
1632,894.7286
1633,5903.0703
1634,812.7782
1635,216.26076
1636,1505.4973
1637,3882.4702
1638,5357.5293
1639,8388.68
1640,1128.8988
1641,1023.3062
1642,1151.0929
1643,1223.1436
1644,770.3957
1645,4950.044
1646,17346.568
1647,8272.563
1648,392.5482
1649,840.8159
1650,2667.622
1651,28930.492
1652,47.184456
1653,429.52066
1654,5797.0312
1655,6227.5176
1656,1777.524
1657,2563.5916
1658,449.32397
1659,2507.0156
1660,212.901
1661,788.12756
1662,512.0431
1663,2805.638
1664,5597.7925
1665,50.1509
1666,5910.609
1667,1343.7249
1668,1663.9884
1669,2176.5051
1670,2777.4153
1671,6054.2856
1672,3621.6138
1673,2442.5298
1674,10861.013
1675,904.10126
1676,6396.053
1677,8298.69
1678,3944.1753
1679,2386.554
1680,9280.624
1681,11833.662
1682,9842.013
1683,10323.365
1684,8730.886
1685,15674.51
1686,1956.2704
1687,1893.5448
1688,3085.579
1689,2172.478
1690,14220.002
1691,4334.9697
1692,872.96747
1693,434.222
1694,6643.4775
1695,1805.5704
1696,2195.957
1697,1330.1475
1698,2128.8909
1699,3181.2473
1700,26793.691
1701,829.6401
1702,4077.7124
1703,3220.2236
1704,17.512745
1705,19478.895
1706,2594.7021
1707,950.09283
1708,4670.0786
1709,1475.3132
1710,42.82518
1711,4525.104
1712,1053.3
1713,4794.967
1714,2653.4155
1715,1101.1627
1716,3480.346
1717,940.4351
1718,12417.811
1719,18111.844
1720,1126.2996
1721,6183.363
1722,2239.1226
1723,1545.5979
1724,1212.3212
1725,2965.5864
1726,369.9535
1727,13949.865
1728,11159.788
1729,11716.015
1730,1212.9109
1731,1801.2083
1732,1905.6489
1733,1412.6355
1734,1163.6467
1735,368.0542
1736,2126.475
1737,10073.531
1738,2194.046
1739,391.3344
1740,1036.7047
1741,1476.812
1742,12697.798
1743,4483.7827
1744,23668.742
1745,2594.1094
1746,1102.0724
1747,2616.025
1748,2017.8
1749,0.26737824
1750,8653.3125
1751,10695.795
1752,3592.4043
1753,6163.4893
1754,2255.39
1755,795.0217
1756,50.256058
1757,695.33026
1758,6262.298
1759,48.270535
1760,1764.9082
1761,10518.363
1762,1772.6619
1763,687.85864
1764,2398.9602
1765,2464.0493
1766,2.8555918
1767,125.23765
1768,15297.607
1769,787.9342
1770,7552.294
1771,50.85862
1772,4305.7754
1773,457.06903
1774,1830.6437
1775,22794.512
1776,1426.274
1777,2641.9048
1778,1236.4436
1779,1471.6185
1780,260.38745
1781,1223.3187
1782,41.192062
1783,795.0164
1784,1524.4398
1785,24182.36
1786,539.40576
1787,2714.5835
1788,2668.2468
1789,2561.918
1790,853.77905
1791,8396.637
1792,1043.5756
1793,2691.9158
1794,1274.5437
1795,28407.025
1796,2403.2026
1797,6545.17
1798,911.63074
1799,1656.8102
1800,2843.5952
1801,17627.45
1802,28486.244
1803,992.1974
1804,1461.043
1805,263.7482
1806,8866.963
1807,1504.4324
1808,5796.207
1809,3749.8696
1810,6621.734
1811,2108.9487
1812,823.7441
1813,1260.3494
1814,21302.55
1815,983.6904
1816,8188.52
1817,764.39374
1818,3012.394
1819,1707.6088
1820,16534.7
1821,4823.123
1822,21140.857
1823,49.786457
1824,7555.529
1825,40.292484
1826,11871.578
1827,2363.8386
1828,3807.4297
1829,2597.6594
1830,1808.8995
1831,22561.855
1832,459.40356
1833,2487.9622
1834,649.1787
1835,15203.096
1836,5.4078617
1837,1236.8036
1838,293.8875
1839,19394.863
1840,13492.02
1841,1650.5037
1842,15373.224
1843,2901.8584
1844,4296.4043
1845,1518.0913
1846,2413.18
1847,1477.4457
1848,49.617897
1849,10513.689
1850,19943.7
1851,990.103
1852,12653.092
1853,2177.042
1854,45.188263
1855,9380.776
1856,686.5476
1857,877.8272
1858,1003.37555
1859,3430.389
1860,5979.962
1861,1399.6228
1862,431.17535
1863,2815.598
1864,48.407978
1865,7741.8345
1866,781.6357
1867,5669.367
1868,5158.916
1869,1309.3157
1870,1972.2772
1871,27927.71
1872,2647.1992
1873,12734.157
1874,619.20636
1875,15922.685
1876,91.101395
1877,1956.1145
1878,5424.18
1879,1195.0835
1880,1233.5774
1881,2204.2708
1882,12211.758
1883,6076.148
1884,3684.6355
1885,19086.986
1886,1964.08
1887,1385.7092
1888,598.7861
1889,43.40477
1890,9860.579
1891,14044.086
1892,8760.188
1893,506.58966
1894,4598.7437
1895,3992.0352
1896,14237.808
1897,9106.658
1898,18866.35
1899,8003.366
1900,10565.942
1901,7037.296
1902,4646.852
1903,13442.568
1904,17.930046
1905,1776.5736
1906,2109.4136
1907,42.401592
1908,1635.2725
1909,3550.8042
1910,1095.8177
1911,12789.965
1912,46.58043
1913,822.6205
1914,7196.4297
1915,332.31332
1916,350.65744
1917,8071.0474
1918,21225.445
1919,5040.5596
1920,7716.2095
1921,6531.4624
1922,1949.4794
1923,7669.331
1924,10611.489
1925,2358.8496
1926,821.88367
1927,2061.1472
1928,620.9184
1929,1560.287
1930,2139.6926
1931,5016.5674
1932,1757.7267
1933,1925.7723
1934,4641.952
1935,1897.8136
1936,49.465294
1937,619.9171
1938,1720.7238
1939,16967.385
1940,6539.0483
1941,1281.346
1942,2341.8755
1943,0.103190064
1944,2666.2786
1945,9763.905
1946,20124.719
1947,11527.782
1948,13107.338
1949,498.41864
1950,9317.635
1951,21046.145
1952,2901.5273
1953,2386.0588
1954,2682.8794
1955,14650.814
1956,1373.6783
1957,820.4057
1958,443.16925
1959,19852.305
1960,3569.9563
1961,9294.788
1962,692.5206
1963,4298.8066
1964,45.232193
1965,14340.29
1966,6985.9272
1967,506.02844
1968,5782.7383
1969,8634.449
1970,5935.3145
1971,2734.1626
1972,2783.0476
1973,37.256905
1974,2376.511
1975,3288.9106
1976,2298.8357
1977,5959.3384
1978,4252.199
1979,933.63367
1980,1072.7852
1981,3687.1707
1982,1453.7029
1983,1153.3981
1984,438.6651
1985,1565.1426
1986,1359.5021
1987,1117.6399
1988,23120.566
1989,3677.9915
1990,568.21204
1991,7495.9297
1992,1119.1323
1993,1814.7058
1994,5736.919
1995,19675.105
1996,2806.6968
1997,8118.53
1998,3861.568
1999,1271.6998
2000,9351.699
2001,0.44448525
2002,1457.6162
2003,1305.9417
2004,1223.1588
2005,1239.5151
2006,881.67834
2007,2439.749
2008,4719.757
2009,1136.5331
2010,4118.3086
2011,1397.2012
2012,2043.6708
2013,12848.786
2014,464.23907
2015,13873.361
2016,6265.447
2017,139.48782
2018,62065.94
2019,1553.8976
2020,13.432419
2021,1354.5586
2022,18415.3
2023,1935.7278
2024,1066.9564
2025,1459.4613
2026,3028.6055
2027,1777.6818
2028,1309.3982
2029,5.1820345
2030,1538.2393
2031,6117.2207
2032,13.433169
2033,0.31203237
2034,2660.5894
2035,1622.2494
2036,405.89703
2037,1672.6927
2038,7856.097
2039,48.19058
2040,1911.3479
2041,13683.463
2042,1941.249
2043,2639.8213
2044,29133.168
2045,1343.3895
2046,2657.6655
2047,10075.74
2048,1581.0654
2049,7892.3945
2050,10395.154
2051,42.627502
2052,668.42566
2053,9244.262
2054,6422.7627
2055,1094.4248
2056,42.88767
2057,528.00555
2058,2128.7122
2059,14110.949
2060,719.2054
2061,868.2987
2062,3068.3164
2063,1686.386
2064,2413.2502
2065,1218.8916
2066,3028.0361
2067,519.9243
2068,57.83237
2069,971.73035
2070,1146.5138
2071,7120.641
2072,14346.418
2073,1593.822
2074,1698.889
2075,4377.27
2076,1162.8262
2077,159.37735
2078,1413.7441
2079,2535.8752
2080,2464.2866
2081,1172.0067
2082,4697.0537
2083,3679.2124
2084,697.8793
2085,49.274937
2086,1072.0702
2087,8086.173
2088,1393.0278
2089,1003.39136
2090,1057.862
2091,14263.332
2092,40.211914
2093,9890.636
2094,2159.4214
2095,14090.453
2096,18067.816
2097,1453.6676
2098,9576.496
2099,3050.8765
2100,1406.1699
2101,530.6213
2102,640.15466
2103,2898.4287
2104,4077.3975
2105,7174.3203
2106,11183.271
2107,387.1008
2108,5093.5996
2109,9164.287
2110,528.7237
2111,2250.3193
2112,779.2252
2113,1020.64825
2114,3438.2517
2115,968.1834
2116,23473.93
2117,538.79694
2118,1304.5546
2119,8.678103
2120,11116.711
2121,18650.594
2122,1356.887
2123,47.703053
2124,18604.898
2125,28627.102
2126,981.8638
2127,2717.0579
2128,1603.7504
2129,7146.5444
2130,15.02836
2131,3338.9763
2132,7135.9253
2133,5242.122
2134,14512.191
2135,14714.614
2136,0.5832396
2137,16967.094
2138,39.53044
2139,5038.0215
2140,4046.9211
2141,373.49844
2142,3104.3691
2143,34077.125
2144,1351.7168
2145,5368.1543
2146,46.113052
2147,11153.553
2148,4475.9287
2149,842.89014
2150,1451.6104
2151,33402.41
2152,5081.6133
2153,2970.9526
2154,425.90375
2155,3764.8555
2156,712.0438
2157,2584.3606
2158,2276.7747
2159,46.092613
2160,1116.2379
2161,7462.587
2162,6601.982
2163,40092.844
2164,1497.226
2165,3604.2812
2166,2892.9673
2167,40.791847
2168,9275.703
2169,7231.08
2170,16.596527
2171,7701.1294
2172,10252.09
2173,2105.7578
2174,1397.8235
2175,2662.8657
2176,8981.855
2177,17967.668
2178,15850.85
2179,4409.4175
2180,4815.589
2181,1784.6255
2182,21898.62
2183,1933.7562
2184,8473.452
2185,6658.144
2186,916.84595
2187,6279.2607
2188,1707.405
2189,2299.497
2190,1055.5647
2191,3905.4407
2192,413.91724
2193,11173.2705
2194,48.861103
2195,597.16235
2196,10129.797
2197,859.94977
2198,5271.4253
2199,6153.245
2200,20525.89
2201,491.93085
2202,7085.5874
2203,1190.1177
2204,2028.474
2205,2002.4077
2206,1009.1377
2207,11544.551
2208,5950.6816
2209,942.0391
2210,139.66699
2211,3066.1567
2212,2783.933
2213,13764.76
2214,2110.1182
2215,689.9265
2216,3198.9163
2217,2623.8484
2218,9992.767
2219,2033.4464
2220,3826.1804
2221,5426.188
2222,11095.293
2223,13769.369
2224,1952.9945
2225,40.454857
2226,6277.542
2227,6504.431
2228,738.3589
2229,7737.1616
2230,8313.68
2231,5995.1597
2232,6700.35
2233,484.78876
2234,2376.2935
2235,2683.0981
2236,2764.6243
2237,726.926
2238,617.5802
2239,2563.5159
2240,31999.918
2241,1926.5616
2242,11950.645
2243,3994.8845
2244,1693.5864
2245,6913.852
2246,2280.305
2247,2474.9011
2248,5727.2197
2249,461.0819
2250,2189.2136
2251,11044.161
2252,5292.9395
2253,10535.05
2254,5441.644
2255,13190.797
2256,1695.6328
2257,4346.8784
2258,48.428185
2259,882.3028
2260,2110.5874
2261,4261.1973
2262,4786.668
2263,6520.843
2264,18347.422
2265,1687.3792
2266,2813.0525
2267,10038.428
2268,0.43097904
2269,1429.5876
2270,5190.927
2271,3119.1108
2272,4218.4004
2273,10304.93
2274,1385.9202
2275,859.19305
2276,6307.618
2277,2773.314
2278,2349.9072
2279,14241.8545
2280,1760.9281
2281,9513.136
2282,13566.162
2283,1789.5963
2284,1421.788
2285,830.665
2286,0.67355525
2287,1306.2109
2288,1339.9156
2289,4950.54
2290,4494.2993
2291,39.94473
2292,2064.6282
2293,824.02057
2294,1937.5914
2295,6033.1523
2296,5064.85
2297,763.89685
2298,8642.112
2299,733.77795
2300,1966.5383
2301,1173.3717
2302,1275.8813
2303,1544.7375
2304,7356.7124
2305,1272.2479
2306,840.79987
2307,6385.873
2308,13317.6875
2309,540.43854
2310,1166.5642
2311,8724.733
2312,649.36194
2313,24285.254
2314,3057.5488
2315,2196.68
2316,5293.7373
2317,657.05774
2318,963.5316
2319,5164.4844
2320,8.158327
2321,3062.9907
2322,2481.545
2323,6680.8926
2324,8401.988
2325,12326.174
2326,8935.066
2327,2757.7278
2328,4068.9893
2329,16069.921
2330,5183.8506
2331,512.7126
2332,41.499573
2333,2118.5881
2334,11483.252
2335,891.9064
2336,8882.894
2337,3837.834
2338,3063.7651
2339,556.30304
2340,3526.0452
2341,52.148087
2342,44.783863
2343,27049.984
2344,1974.8363
2345,2660.6553
2346,9093.118
2347,7410.602
2348,10645.55
2349,1402.9133
2350,3140.9412
2351,144.8891
2352,0.4732428
2353,12049.807
2354,1441.1145
2355,0.28189588
2356,5777.6113
2357,9985.106
2358,3799.3135
2359,1368.5789
2360,1369.1956
2361,9103.124
2362,3011.4976
2363,855.67975
2364,8888.902
2365,628.0166
2366,734.41943
2367,956.2524
2368,10183.987
2369,46.19514
2370,2754.0247
2371,473.7337
2372,431.7928
2373,5085.0264
2374,5036.359
2375,22422.572
2376,4431.305
2377,5534.486
2378,13402.5
2379,799.2324
2380,881.31647
2381,5109.507
2382,9494.934
2383,1497.2467
2384,7998.734
2385,2090.723
2386,588.6235
2387,1592.194
2388,894.41986
2389,0.785879
2390,1393.6854
2391,1126.9028
2392,2021.147
2393,1876.7927
2394,1128.803
2395,1598.7438
2396,2628.071
2397,1287.9712
2398,24981.926
2399,2953.8518
2400,15547.035
2401,180.68265
2402,2441.3628
2403,6199.0
2404,1085.6913
2405,18.051937
2406,7134.877
2407,3750.367
2408,2947.9878
2409,1732.623
2410,1571.8137
2411,2733.5835
2412,4822.4883
2413,4478.1323
2414,4140.505
2415,5554.588
2416,1929.2842
2417,2639.1792
2418,27323.629
2419,3.3456573
2420,6793.9214
2421,44.20817
2422,2184.9004
2423,5572.727
2424,15.258722
2425,15149.7
2426,1871.7968
2427,8775.208
2428,17.322147
2429,1336.9233
2430,4842.7803
2431,5838.6616
2432,16421.89
2433,883.8478
2434,44.624435
2435,30441.213
2436,2777.5347
2437,16090.287
2438,467.32422
2439,1171.2039
2440,580.6321
2441,5024.0376
2442,47.013176
2443,982.3311
2444,2636.045
2445,1370.7946
2446,373.29492
2447,305.2715
2448,852.64996
2449,2387.719
2450,694.4658
2451,49.658356
2452,3533.9824
2453,5451.7383
2454,9186.428
2455,10108.737
2456,2502.523
2457,5384.169
2458,2916.5664
2459,1358.8774
2460,6160.2803
2461,3779.025
2462,3870.4226
2463,0.3589517
2464,974.92303
2465,2050.7917
2466,9445.76
2467,11294.406
2468,1049.5232
2469,100.308495
2470,1602.4508
2471,15703.419
2472,40.22692
2473,5085.832
2474,3928.3035
2475,28861.377
2476,975.8086
2477,1233.5968
2478,3452.3645
2479,13606.098
2480,11062.325
2481,4315.36
2482,5914.32
2483,3496.5989
2484,8401.074
2485,1079.9934
2486,45.791214
2487,5627.408
2488,2260.4824
2489,3091.0942
2490,2127.0635
2491,1446.0665
2492,8041.3105
2493,2781.8198
2494,863.8096
2495,2807.2295
2496,4193.07
2497,6964.5376
2498,4972.9736
2499,4195.6465
2500,42.742943
2501,2431.4243
2502,2568.4707
2503,2711.1555
2504,18.492105
2505,613.9636
2506,18001.148
2507,14.4614
2508,11133.571
2509,1434.3296
2510,1999.353
2511,2653.5308
2512,2895.4414
2513,3188.4387
2514,2040.2329
2515,5189.5947
2516,1978.3593
2517,3525.7795
2518,4075.321
2519,4736.7285
2520,4362.2227
2521,29049.268
2522,9258.079
2523,3307.5623
2524,16324.558
2525,4.173616
2526,14982.975
2527,10390.119
2528,49.379158
2529,11618.06
2530,909.52045
2531,1676.3071
2532,2202.6887
2533,1450.434
2534,3907.9004
2535,5074.541
2536,1481.0234
2537,3262.2874
2538,20950.04
2539,7113.812
2540,1579.302
2541,759.76105
2542,837.2805
2543,1667.8872
2544,6464.994
2545,7628.149
2546,955.7951
2547,11031.906
2548,719.9424
2549,831.0874
2550,1062.5493
2551,2945.7598
2552,7191.2563
2553,914.037
2554,1450.2963
2555,1342.1919
2556,6787.9233
2557,1975.8851
2558,1919.5532
2559,4018.5813
2560,1745.2754
2561,1354.7144
2562,6155.746
2563,695.1404
2564,921.46265
2565,12653.853
2566,6365.6953
2567,6206.3955
2568,12381.977
2569,12405.0625
2570,1775.7872
2571,827.46844
2572,12581.371
2573,35.161896
2574,3387.3828
2575,2913.1934
2576,1971.8481
2577,6982.4766
2578,1237.2262
2579,17054.668
2580,1627.6937
2581,2730.517
2582,7646.4478
2583,42.915028
2584,3698.3762
2585,3313.8948
2586,10054.486
2587,1872.6123
2588,49.525215
2589,1597.1953
2590,66429.17
2591,47.32236
2592,16838.643
2593,2651.7087
2594,1358.1184
2595,2228.3376
2596,4224.3965
2597,1396.6173
2598,3801.2495
2599,40.306473
2600,47.809486
2601,10283.722
2602,8598.167
2603,13688.959
2604,534.8279
2605,48.832508
2606,3148.6604
2607,7012.832
2608,9391.125
2609,11229.712
2610,4515.9756
2611,14873.573
2612,49.342285
2613,7703.8994
2614,49.1689
2615,10639.186
2616,851.0883
2617,50306.605
2618,12248.267
2619,46.215668
2620,13.493694
2621,280.1767
2622,50.89231
2623,3719.9243
2624,1301.0941
2625,6699.532
2626,14292.5
2627,336.2859
2628,1478.8416
2629,933.0937
2630,1087.5765
2631,5235.047
2632,2908.589
2633,9042.455
2634,7201.195
2635,2457.192
2636,692.6942
2637,2696.568
2638,1641.6484
2639,6822.7085
2640,2119.9175
2641,4154.5977
2642,2941.1938
2643,1568.3302
2644,3107.6255
2645,3710.6104
2646,1042.8431
2647,5354.413
2648,2373.3184
2649,677.41693
2650,26083.088
2651,4705.161
2652,2386.539
2653,1759.033
2654,817.1666
2655,3781.8198
2656,4752.868
2657,2440.7654
2658,14.991976
2659,11563.99
2660,4210.505
2661,4464.7393
2662,2028.3008
2663,49.85544
2664,1816.0448
2665,6026.078
2666,2553.4824
2667,3774.3271
2668,89.74192
2669,5593.672
2670,1694.3348
2671,4312.368
2672,6863.345
2673,13127.968
2674,1987.6229
2675,2435.7476
2676,1370.9614
2677,7255.987
2678,4727.1143
2679,10580.131
2680,929.554
2681,311.80133
2682,2096.074
2683,2353.8765
2684,530.9532
2685,4620.315
2686,6902.927
2687,4203.414
2688,2595.2468
2689,2655.762
2690,1907.4608
2691,5828.857
2692,4610.6206
2693,1731.6362
2694,1562.8389
2695,5887.1294
2696,927.54346
2697,2482.08
2698,3648.2961
2699,1231.6686
2700,1855.4867
2701,558.31036
2702,9436.575
2703,48.44537
2704,1903.7152
2705,1246.3458
2706,5184.5283
2707,3940.5198
2708,14938.058
2709,16192.152
2710,18722.557
2711,646.18115
2712,10061.893
2713,4491.5654
2714,2062.1328
2715,17647.434
2716,7287.211
2717,42.519882
2718,1919.8903
2719,10252.051
2720,7382.911
2721,25694.443
2722,21648.354
2723,3102.3145
2724,1067.043
2725,4697.896
2726,3614.1245
2727,3049.7793
2728,17532.4
2729,2498.4592
2730,3443.681
2731,2863.9062
2732,1562.7174
2733,2055.8394
2734,5935.8184
2735,2015.3708
2736,15816.751
2737,1190.2999
2738,3997.1792
2739,7966.3
2740,1.112283
2741,19328.02
2742,490.72043
2743,5168.7617
2744,2528.0776
2745,10802.056
2746,6171.949
2747,11305.421
2748,42.49867
2749,48.310856
2750,6821.0884
2751,1665.9816
2752,2465.7566
2753,2252.2395
2754,1136.218
2755,2829.6084
2756,5159.265
2757,2143.8584
2758,741.67224
2759,17532.652
2760,1415.631
2761,2630.6748
2762,45.548225
2763,1683.6919
2764,4304.4775
2765,14760.689
2766,1704.8799
2767,6029.3613
2768,1635.9155
2769,3827.5823
2770,47.541107
2771,1062.8602
2772,2348.5635
2773,22530.44
2774,1251.2803
2775,5424.6875
2776,805.7803
2777,280.1767
2778,2467.5828
2779,50.09325
2780,8250.296
2781,1227.0151
2782,447.30722
2783,5447.455
2784,12110.547
2785,4156.2505
2786,3318.504
2787,1315.8888
2788,2905.379
2789,5647.7993
2790,18082.537
2791,375.3414
2792,15131.434
2793,639.24084
2794,15662.809
2795,2243.1853
2796,11512.883
2797,1467.3911
2798,1263.115
2799,5602.7607
2800,5070.1333
2801,667.9754
2802,4014.3247
2803,6277.2485
2804,49.045265
2805,8740.559
2806,3852.3113
2807,1034.6039
2808,2110.242
2809,12085.024
2810,45.198826
2811,14947.663
2812,3413.652
2813,2733.148
2814,12235.528
2815,4082.8853
2816,2943.7598
2817,1024.8279
2818,50.158607
2819,52.910778
2820,2128.368
2821,5852.406
2822,755.89264
2823,12970.434
2824,2464.778
2825,2898.52
2826,2609.1443
2827,3217.417
2828,1276.3246
2829,4898.4565
2830,14424.953
2831,814.9736
2832,7820.906
2833,18046.443
2834,7342.615
2835,9686.648
2836,14842.3125
2837,50.381092
2838,5964.195
2839,29386.49
2840,1907.7639
2841,1717.3602
2842,11998.521
2843,1792.3239
2844,10784.247
2845,1340.2341
2846,6545.407
2847,17456.768
2848,4604.9243
2849,3020.9297
2850,51.78195
2851,1969.5128
2852,6546.8994
2853,1219.9607
2854,1180.2899
2855,8063.23
2856,23293.822
2857,11009.413
2858,4154.031
2859,10660.445
2860,2808.0654
2861,5672.948
2862,832.4276
2863,2439.8818
2864,3743.8364
2865,42.464355
2866,5916.007
2867,20685.72
2868,979.01935
2869,2568.3396
2870,9136.639
2871,3258.6265
2872,769.90515
2873,4562.6045
2874,473.69342
2875,706.14276
2876,1491.8711
2877,3421.8257
2878,44.43628
2879,7157.78
2880,1457.6602
2881,4370.632
2882,443.42307
2883,4011.0176
2884,760.42847
2885,1811.8959
2886,3897.5134
2887,8544.79
2888,3247.5166
2889,1922.1301
2890,7015.1934
2891,13492.997
2892,1252.7627
2893,1879.2173
2894,18597.732
2895,2641.1223
2896,2624.2002
2897,4479.1704
2898,680.7597
2899,47386.387
2900,9519.9795
2901,3317.162
2902,8405.37
2903,1571.7222
2904,4201.261
2905,5023.5293
2906,3468.6523
2907,533.5425
2908,19188.21
2909,9697.751
2910,3150.7546
2911,745.29846
2912,8895.544
2913,5777.6494
2914,6247.2817
2915,2669.395
2916,5617.38
2917,6114.234
2918,4990.0513
2919,38.963074
2920,761.401
2921,764.1926
2922,48.02062
2923,1352.6615
2924,6882.9404
2925,933.91895
2926,854.10846
2927,564.13184
2928,48.025528
2929,1037.9697
2930,2084.1465
2931,1928.0393
2932,19138.006
2933,21202.705
2934,6040.223
2935,9301.387
2936,8864.815
2937,46.698418
2938,311.61136
2939,3331.026
2940,8962.798
2941,1298.9241
2942,2130.7644
2943,4094.047
2944,3001.4219
2945,206.3877
2946,25711.283
2947,2890.4846
2948,24990.793
2949,5474.97
2950,864.96747
2951,1344.8647
2952,963.3711
2953,12162.357
2954,1789.6919
2955,533.8464
2956,48.0171
2957,1775.1722
2958,10022.853
2959,5512.0376
2960,2267.136
2961,1058.1782
2962,9118.061
2963,4139.415
2964,19.086561
2965,5247.996
2966,12444.867
2967,12407.725
2968,46.217472
2969,9560.315
2970,7444.2026
2971,5174.642
2972,2765.0305
2973,9661.469
2974,5433.7188
2975,3304.2383
2976,8289.023
2977,3982.7314
2978,23639.867
2979,4143.757
2980,3812.1106
2981,1068.6255
2982,25992.945
2983,6989.5596
2984,2017.4603
2985,1161.0245
2986,2376.3682
2987,16747.064
2988,10773.679
2989,5784.046
2990,4220.928
2991,5630.49
2992,10219.112
2993,906.76245
2994,47.131916
2995,5351.9214
2996,8073.588
2997,9973.447
2998,2857.2354
2999,0.30074114
3000,5866.35
3001,2014.0646
3002,15416.464
3003,44.468964
3004,2125.258
3005,2637.5618
3006,7494.5283
3007,4718.699
3008,1172.5181
3009,2652.331
3010,1057.1232
3011,2217.4458
3012,7450.5317
3013,32114.691
3014,686.9041
3015,13953.671
3016,7.2195377
3017,783.11414
3018,470.71182
3019,27141.98
3020,858.59937
3021,2586.6064
3022,18005.854
3023,15752.86
3024,1979.8228
3025,4063.086
3026,2162.7578
3027,31607.316
3028,2862.5747
3029,2056.4514
3030,1883.5139
3031,1283.2711
3032,51.586433
3033,2973.977
3034,1420.4697
3035,19597.873
3036,1000.54004
3037,1567.6815
3038,8073.588
3039,4694.1514
3040,2868.953
3041,627.5995
3042,1169.1196
3043,7782.8877
3044,9545.838
3045,2061.2515
3046,1950.004
3047,6683.3467
3048,2384.7148
3049,2114.8357
3050,2069.5679
3051,7748.4014
3052,854.4123
3053,928.0967
3054,1658.8224
3055,2568.2588
3056,2884.3252
3057,366.94318
3058,4474.639
3059,16844.361
3060,20062.246
3061,6563.3057
3062,7731.2676
3063,11518.001
3064,156.20503
3065,2103.0593
3066,3723.9717
3067,16752.943
3068,8.801244
3069,45.777596
3070,7990.5596
3071,3057.6887
3072,9186.849
3073,653.04944
3074,49.93376
3075,10347.318
3076,441.08585
3077,9458.616
3078,1645.9119
3079,2657.5325
3080,3263.8562
3081,2153.4014
3082,16.476715
3083,5283.3457
3084,11576.481
3085,7325.7563
3086,48.98844
3087,6944.2334
3088,859.8459
3089,4298.758
3090,6180.609
3091,20997.166
3092,1316.6136
3093,1182.1045
3094,8427.382
3095,38.96784
3096,3358.2483
3097,1955.7021
3098,1784.1052
3099,564.7166
3100,1986.7394
3101,3753.4663
3102,2853.3794
3103,49.605106
3104,0.46685553
3105,18804.05
3106,1861.414
3107,3789.9563
3108,5634.627
3109,12421.507
3110,603.1727
3111,41.791267
3112,522.9971
3113,684.6579
3114,6040.246
3115,2746.497
3116,2216.438
3117,10613.655
3118,771.46387
3119,14007.514
3120,966.4884
3121,8719.21
3122,481.39484
3123,5383.943
3124,9824.269
3125,1161.3088
3126,4835.4688
3127,26302.113
3128,48.66044
3129,1837.3549
3130,2367.1438
3131,2921.4424
3132,1205.4197
3133,5813.3994
3134,7862.686
3135,1641.5842
3136,6821.7715
3137,7382.052
3138,901.13293
3139,17340.281
3140,3982.34
3141,1735.3696
3142,2718.541
3143,4639.022
3144,9959.806
3145,4041.023
3146,1043.9532
3147,2549.449
3148,7806.835
3149,978.03845
3150,5959.6797
3151,2843.6753
3152,7396.218
3153,7725.4736
3154,10249.782
3155,13949.719
3156,2543.5427
3157,1571.2769
3158,1056.1644
3159,18944.096
3160,11781.623
3161,934.5727
3162,303.26654
3163,776.95905
3164,2747.751
3165,3739.0254
3166,707.77124
3167,559.1989
3168,52.27805
3169,1406.4517
3170,1114.7472
3171,11809.861
3172,35.137367
3173,1617.8442
3174,2019.7108
3175,4946.9526
3176,7740.601
3177,1104.0671
3178,4367.477
3179,19824.758
3180,767.0348
3181,603.30206
3182,21625.365
3183,404.24963
3184,4878.783
3185,7634.6562
3186,760.386
3187,6425.404
3188,1139.5056
3189,5845.605
3190,1393.9861
3191,1138.5886
3192,726.3938
3193,47.417698
3194,14985.976
3195,3209.5264
3196,436.77063
3197,1756.8833
3198,5130.9233
3199,7757.941
3200,7194.741
3201,883.97015
3202,5500.766
3203,12784.44
3204,800.8791
3205,895.76495
3206,1704.1675
3207,14609.15
3208,8948.456
3209,15886.325
3210,8111.7803
3211,0.4128921
3212,1800.1799
3213,735.6415
3214,18260.975
3215,16803.541
3216,13713.303
3217,2893.9473
3218,47.211266
3219,969.8902
3220,154.41104
3221,4825.0283
3222,1652.0085
3223,1297.7728
3224,7825.2783
3225,6395.126
3226,2838.8867
3227,129.6336
3228,2790.2935
3229,3781.69
3230,46.055832
3231,5616.86
3232,2977.4316
3233,683.68854
3234,0.6218968
3235,8609.483
3236,2386.7964
3237,17494.535
3238,36230.37
3239,7138.873
3240,4382.8354
3241,13872.436
3242,1675.4851
3243,0.38441387
3244,26246.734
3245,5506.9873
3246,635.9413
3247,1342.5615
3248,666.43677
3249,3410.2246
3250,7527.9854
3251,6730.089
3252,8116.563
3253,2235.16
3254,777.822
3255,8292.771
3256,2545.4
3257,631.53265
3258,8044.747
3259,3691.7566
3260,0.5879976
3261,13109.176
3262,1572.8505
3263,7897.184
3264,1118.3735
3265,570.863
3266,3254.8174
3267,10473.156
3268,1551.4069
3269,1229.2183
3270,800.4139
3271,21111.684
3272,22981.385
3273,4041.9482
3274,1021.3012
3275,6133.58
3276,1736.2086
3277,4250.4395
3278,1815.2721
3279,3793.19
3280,2445.9556
3281,1361.6504
3282,1140.4463
3283,380.32452
3284,3131.1404
3285,10276.113
3286,1802.4617
3287,9551.73
3288,42.62778
3289,953.0407
3290,15599.911
3291,11778.016
3292,637.94806
3293,13076.434
3294,1292.6921
3295,3119.9707
3296,2305.0752
3297,1752.3049
3298,2298.6943
3299,2097.7385
3300,6068.8325
3301,22798.86
3302,3230.3555
3303,1227.5117
3304,4642.5635
3305,50.65706
3306,2471.5999
3307,692.5206
3308,23165.105
3309,2479.9688
3310,2517.0479
3311,3053.229
3312,3228.1467
3313,6283.97
3314,1198.0735
3315,586.5539
3316,695.9345
3317,2163.704
3318,2951.4
3319,1872.5087
3320,16388.549
3321,6357.934
3322,1273.3333
3323,2048.6003
3324,2451.6797
3325,11111.1875
3326,2332.5613
3327,2406.4058
3328,752.33984
3329,585.1821
3330,1735.1569
3331,1566.4298
3332,11177.833
3333,4402.495
3334,48.43449
3335,4722.211
3336,676.05994
3337,1314.3022
3338,3042.0935
3339,6515.4775
3340,2338.0166
3341,15039.741
3342,13754.052
3343,3495.4585
3344,1358.2863
3345,9179.176
3346,1561.6128
3347,94.03879
3348,6334.315
3349,1457.795
3350,7731.931
3351,901.42725
3352,724.84296
3353,42.205738
3354,1055.5737
3355,2608.4038
3356,3611.2468
3357,1761.634
3358,1729.0225
3359,3896.9521
3360,6667.95
3361,7025.0767
3362,2874.395
3363,3018.8381
3364,15459.826
3365,14041.233
3366,2018.785
3367,50.12982
3368,1385.7714
3369,7333.5024
3370,934.2712
3371,416.8657
3372,4584.0806
3373,51.08436
3374,533.2413
3375,1009.79584
3376,4586.1973
3377,19956.504
3378,694.194
3379,1636.3152
3380,1212.1205
3381,2263.6077
3382,1613.6342
3383,8760.439
3384,763.55914
3385,47.386967
3386,4726.082
3387,826.44116
3388,45.75834
3389,1911.4236
3390,4747.404
3391,5002.2515
3392,2900.13
3393,48.954308
3394,706.53296
3395,2444.4148
3396,5014.405
3397,558.34955
3398,8608.251
3399,7185.7437
3400,326.57733
3401,320.60022
3402,793.0209
3403,4909.4443
3404,35.919437
3405,3138.0151
3406,11456.538
3407,1359.2952
3408,592.739
3409,30986.734
3410,16389.455
3411,3103.1965
3412,8822.716
3413,19656.744
3414,948.0614
3415,16721.816
3416,6571.5117
3417,10726.422
3418,47.30983
3419,5551.828
3420,6860.8647
3421,932.85583
3422,826.30426
3423,3631.8022
3424,1235.4939
3425,1537.4747
3426,46.84887
3427,2276.8093
3428,6714.259
3429,1599.4946
3430,885.4361
3431,1685.5872
3432,3229.647
3433,679.531
3434,2587.463
3435,1656.2854
3436,10943.605
3437,46.517986
3438,5915.0195
3439,1814.4998
3440,5318.2734
3441,2309.0737
3442,856.79565
3443,3761.341
3444,2244.897
3445,422.3988
3446,717.0067
3447,11067.316
3448,4781.53
3449,7522.3867
3450,1291.4355
3451,20632.977
3452,5432.6562
3453,792.9762
3454,1200.5254
3455,1066.8575
3456,2840.8618
3457,11647.205
3458,47.691338
3459,874.545
3460,1231.2678
3461,42.648434
3462,13246.672
3463,535.1653
3464,6506.6587
3465,4575.365
3466,11331.1455
3467,8693.311
3468,15825.442
3469,965.25
3470,577.0791
3471,15373.106
3472,10947.948
3473,0.9797461
3474,1979.157
3475,2184.7148
3476,4743.7686
3477,49.571877
3478,10289.412
3479,2658.4707
3480,1756.4222
3481,2019.7657
3482,22552.754
3483,3089.2783
3484,393.4496
3485,1600.9781
3486,7365.2007
3487,2851.8567
3488,3344.957
3489,862.5947
3490,7671.2114
3491,2294.3318
3492,44.698036
3493,1404.0692
3494,2640.2205
3495,5940.2646
3496,3003.9082
3497,1061.0857
3498,8455.352
3499,2214.1606
3500,5871.825
3501,25348.744
3502,5446.6914
3503,1513.6748
3504,0.3268141
3505,20.272669
3506,43.643326
3507,4.9911547
3508,12356.613
3509,50.018024
3510,7462.7573
3511,9963.55
3512,856.92126
3513,3290.668
3514,2131.5085
3515,47.803017
3516,2410.437
3517,15633.662
3518,4245.5566
3519,2565.4045
3520,1462.9321
3521,3905.8096
3522,11027.152
3523,3269.746
3524,15.050556
3525,8143.1367
3526,7965.3804
3527,871.02966
3528,1416.1309
3529,1487.8403
3530,2065.1475
3531,3670.4136
3532,49.10591
3533,9279.5
3534,166.41635
3535,10193.22
3536,12618.625
3537,1037.6467
3538,9001.855
3539,5500.3306
3540,1867.4564
3541,571.6196
3542,16.965157
3543,2073.5298
3544,2274.2183
3545,15977.646
3546,4161.1934
3547,614.1273
3548,5270.701
3549,14164.209
3550,14537.126
3551,7303.013
3552,5835.466
3553,3496.819
3554,1024.8547
3555,42.000465
3556,4910.0063
3557,4187.4897
3558,2362.8577
3559,2983.4397
3560,1070.1658
3561,2277.3481
3562,1381.8081
3563,1944.3318
3564,801.6733
3565,577.5705
3566,47.01202
3567,735.62256
3568,3525.174
3569,4994.451
3570,47.63022
3571,2956.5864
3572,319.59735
3573,6566.2236
3574,692.58575
3575,2207.853
3576,2577.9985
3577,6327.6904
3578,8184.491
3579,7494.257
3580,26633.797
3581,1128.2778
3582,1662.6179
3583,604.38245
3584,3227.9065
3585,2247.6821
3586,917.289
3587,1863.9539
3588,6279.129
3589,12877.887
3590,1446.0376
3591,12602.244
3592,2395.686
3593,2421.3591
3594,1033.7982
3595,8241.928
3596,1845.6573
3597,1904.6345
3598,1343.2408
3599,2377.9285
3600,3765.4084
3601,5151.9478
3602,2957.0012
3603,2360.8118
3604,1642.5088
3605,459.62845
3606,3520.4692
3607,18.368164
3608,1455.8215
3609,12320.392
3610,1419.5137
3611,2816.1377
3612,23495.79
3613,0.8069925
3614,1138.8549
3615,0.6086552
3616,2793.0925
3617,15836.223
3618,13604.683
3619,5813.1494
3620,7830.811
3621,4476.9106
3622,1457.1517
3623,757.0116
3624,727.19336
3625,50.782608
3626,11115.194
3627,1916.5271
3628,1346.8884
3629,434.06866
3630,988.4933
3631,3076.256
3632,3137.3625
3633,6512.955
3634,400.07034
3635,5595.9937
3636,707.6279
3637,4874.7686
3638,609.0325
3639,2818.206
3640,3980.4146
3641,3787.087
3642,8986.706
3643,2386.2808
3644,11678.618
3645,19418.092
3646,345.716
3647,3336.356
3648,5173.1074
3649,2064.903
3650,549.13855
3651,1917.255
3652,5290.133
3653,11548.867
3654,2146.7292
3655,6783.0303
3656,7998.825
3657,5001.7646
3658,7434.68
3659,4939.8745
3660,3547.9329
3661,2125.5674
3662,5024.138
3663,2098.383
3664,863.2522
3665,2192.5854
3666,8212.689
3667,5822.3223
3668,802.6096
3669,47.911346
3670,5036.6377
3671,12337.865
3672,3131.5942
3673,11999.986
3674,15390.065
3675,4466.75
3676,1270.5806
3677,44.532227
3678,1843.0581
3679,0.4165646
3680,1565.4226
3681,963.23773
3682,582.93384
3683,1527.3193
3684,4766.916
3685,413.5575
3686,5359.216
3687,17349.943
3688,4041.208
3689,123.31809
3690,45.17074
3691,12298.742
3692,3530.478
3693,0.30082673
3694,2670.6587
3695,920.69495
3696,1327.9551
3697,20.314701
3698,4098.83
3699,1131.19
3700,1338.9556
3701,4124.5713
3702,1804.8591
3703,3273.988
3704,604.4041
3705,3367.147
3706,12303.318
3707,6383.34
3708,3331.2356
3709,882.70764
3710,5720.21
3711,5962.704
3712,1590.0872
3713,10346.628
3714,1904.5555
3715,4539.1934
3716,5934.8784
3717,2556.9587
3718,5515.9346
3719,925.6256
3720,47.64846
3721,2651.7605
3722,7120.831
3723,2872.3804
3724,45.527977
3725,15185.648
3726,49.63285
3727,3187.49
3728,13806.874
3729,3534.6362
3730,595.24786
3731,11227.924
3732,11725.875
3733,1552.2244
3734,2652.4805
3735,3072.6924
3736,10347.792
3737,3503.6274
3738,1999.4866
3739,5322.313
3740,1961.6012
3741,50.197
3742,5492.404
3743,764.158
3744,2.0051572
3745,13944.704
3746,45.327003
3747,22682.676
3748,1059.5978
3749,582.8083
3750,963.68384
3751,4891.518
3752,2465.679
3753,47.176403
3754,269.35455
3755,47.9496
3756,17219.17
3757,3243.73
3758,4616.421
3759,1839.9172
3760,2577.509
3761,936.2431
3762,1914.4197
3763,1112.8915
3764,12939.174
3765,13476.612
3766,292.8247
3767,8042.9214
3768,15563.221
3769,51.028442
3770,1826.4265
3771,2084.0986
3772,1979.3713
3773,1477.4548
3774,5620.574
3775,1305.0415
3776,949.7727
3777,11680.111
3778,998.74646
3779,2247.549
3780,6200.082
3781,35304.168
3782,1192.513
3783,14061.912
3784,34252.418
3785,11724.734
3786,6152.1885
3787,27781.207
3788,1595.4503
3789,3046.4004
3790,526.13165
3791,422.8026
3792,232.71858
3793,2676.2148
3794,8674.749
3795,1686.843
3796,1994.876
3797,13353.733
3798,848.6564
3799,13498.738
3800,603.7581
3801,13709.262
3802,2041.8337
3803,46.685463
3804,16479.0
3805,6533.176
3806,24964.207
3807,7324.548
3808,377.93982
3809,48.690994
3810,8278.673
3811,12359.866
3812,41.565376
3813,20.084934
3814,1742.9039
3815,1193.0537
3816,2075.8804
3817,16624.688
3818,12597.737
3819,3726.2246
3820,13071.072
3821,2954.603
3822,5218.7437
3823,46.162376
3824,0.67745733
3825,11071.666
3826,8733.592
3827,5574.8057
3828,2641.1223
3829,4096.735
3830,10332.841
3831,13691.021
3832,815.3417
3833,4000.872
3834,2851.0461
3835,3708.9895
3836,652.41504
3837,2516.9758
3838,3173.067
3839,140.7383
3840,1873.2753
3841,939.14136
3842,1385.4766
3843,462.08112
3844,4919.819
3845,9608.335
3846,1406.4463
3847,14838.576
3848,6141.565
3849,848.5624
3850,13017.005
3851,3092.2388
3852,1262.9154
3853,15820.267
3854,776.3439
3855,8528.44
3856,264.48016
3857,2360.1755
3858,824.2523
3859,2017.9242
3860,1478.0281
3861,2249.3726
3862,3353.104
3863,867.98706
3864,1998.3356
3865,3336.5342
3866,10094.883
3867,2403.479
3868,2134.8303
3869,3904.23
3870,2274.1477
3871,12305.09
3872,12686.395
3873,47.607975
3874,8365.892
3875,8084.6997
3876,873.47064
3877,11238.723
3878,44.901947
3879,11425.221
3880,2956.1057
3881,12633.484
3882,1001.0483
3883,330.1798
3884,16992.096
3885,1.901618
3886,677.3535
3887,9876.128
3888,16823.297
3889,8530.6455
3890,950.85596
3891,2126.2031
3892,7874.7095
3893,15830.696
3894,13259.16
3895,30708.193
3896,5157.6514
3897,1910.8254
3898,1736.4539
3899,2002.0868
3900,44.176903
3901,1044.496
3902,29.524757
3903,15299.592
3904,3766.9604
3905,7375.739
3906,3904.4126
3907,809.33887
3908,5289.301
3909,864.99475
3910,2259.551
3911,3898.6885
3912,1211.2283
3913,3583.6284
3914,5443.9697
3915,1056.6364
3916,1880.4639
3917,53.063023
3918,44.861115
3919,13752.977
3920,5337.759
3921,2626.9243
3922,9220.988
3923,47.52317
3924,9061.915
3925,1202.4675
3926,3624.7588
3927,3419.5056
3928,1832.2899
3929,41.988247
3930,9554.181
3931,16268.108
3932,47.31008
3933,4628.149
3934,7528.847
3935,8096.5527
3936,14645.395
3937,3719.2217
3938,849.99365
3939,6311.0845
3940,0.3177656
3941,7855.4453
3942,781.8716
3943,1422.6301
3944,1331.0415
3945,231.04478
3946,1591.5005
3947,7155.534
3948,1443.8733
3949,4495.08
3950,11395.62
3951,4591.135
3952,45.012283
3953,6730.4033
3954,2532.4722
3955,2413.142
3956,8763.498
3957,2542.7227
3958,3325.5203
3959,8107.201
3960,1288.0947
3961,2286.5457
3962,560.0632
3963,7429.066
3964,3900.6304
3965,189.02646
3966,4515.747
3967,3595.1265
3968,11222.057
3969,48.914886
3970,639.8475
3971,1336.3538
3972,46.363457
3973,11246.379
3974,8531.19
3975,10638.344
3976,6462.177
3977,4724.09
3978,1831.0201
3979,49.700195
3980,2601.645
3981,9051.739
3982,1923.0088
3983,2391.272
3984,5767.59
3985,2212.9482
3986,1046.0555
3987,1639.3503
3988,37.873447
3989,1823.194
3990,5869.7695
3991,3502.1738
3992,5566.7715
3993,1456.0848
3994,8743.644
3995,0.20749111
3996,5926.8794
3997,12595.707
3998,1521.0017
3999,312.4737
